record_id,year,canonical_match_id,tournament_hist,tournament_pbp_source,tournament_td_source,round,surface,winner,loser,historical_score,pbp_derived_score_gamewise,independent_recheck_score_match,td_source_score,pbp_source_date,td_source_date,date_diff_days,pbp_server1,pbp_server2,fix_type,real_matching_field_multitoken_risk
2015|1921,2015,2015-W-PM-USA-02A-2015#69,Miami,MiamiOpen-WTAMiami,Sony Ericsson Open,R32,Hard,Simona Halep,Camila Giorgi,6-4 7-5,"[[6, 4], [7, 5]]",True,6-4 7-5,2015-03-29,2015-03-29,0,Camila Giorgi,Simona Halep,tournament_alias,False
2013|1487,2013,2013-W-PM-USA-02A-2013#31,Miami,SonyOpenTennis-WTAMiami,Sony Ericsson Open,R128,Hard,Laura Robson,Camila Giorgi,6-2 4-6 6-3,"[[6, 2], [4, 6], [6, 3]]",True,6-2 4-6 6-3,2013-03-20,2013-03-20,0,Laura Robson,Camila Giorgi,tournament_alias,False
2013|2088,2013,2013-W-PR-USA-03A-2013#9,Cincinnati,Western&amp;SouthernOpen-WTACincinnati,Western & Southern Financial Group Women's Open,R64,Hard,Elena Vesnina,Kirsten Flipkens,3-6 6-1 6-3,"[[3, 6], [6, 1], [6, 3]]",True,3-6 6-1 6-3,2013-08-13,2013-08-13,0,Kirsten Flipkens,Elena Vesnina,tournament_alias,False
2013|1486,2013,2013-W-PM-USA-02A-2013#30,Miami,SonyOpenTennis-WTAMiami,Sony Ericsson Open,R128,Hard,Jamie Hampton,Monica Niculescu,6-4 6-3,"[[6, 4], [6, 3]]",True,6-4 6-3,2013-03-20,2013-03-20,0,Monica Niculescu,Jamie Hampton,tournament_alias,False
2014|1544,2014,2014-W-PM-USA-02A-2014#43,Miami,SonyOpenTennis-WTAMiami,Sony Ericsson Open,R64,Hard,Kirsten Flipkens,Virginie Razzano,6-1 3-6 6-3,"[[6, 1], [3, 6], [6, 3]]",True,6-1 3-6 6-3,2014-03-20,2014-03-20,0,Kirsten Flipkens,Virginie Razzano,tournament_alias,False
2012|2258,2012,2012-W-PR-USA-04A-2012#16,Cincinnati,Western&amp;SouthernOpen-WTACincinnati.html,Western & Southern Financial Group Women's Open,R64,Hard,Roberta Vinci,Madison Keys,6-3 6-3,"[[6, 3], [6, 3]]",True,6-3 6-3,2012-08-14,2012-08-14,0,Madison Keys,Roberta Vinci,tournament_alias,False
2014|1592,2014,2014-W-PM-USA-02A-2014#91,Miami,SonyOpenTennis-WTAMiami,Sony Ericsson Open,QF,Hard,Dominika Cibulkova,Agnieszka Radwanska,3-6 7-6(5) 6-3,"[[3, 6], [7, 6], [6, 3]]",True,3-6 7-6 6-3,2014-03-26,2014-03-26,0,Dominika Cibulkova,Agnieszka Radwanska,tournament_alias,False
2014|1512,2014,2014-W-PM-USA-02A-2014#11,Miami,SonyOpenTennis-WTAMiami,Sony Ericsson Open,R128,Hard,Virginie Razzano,Heather Watson,6-4 6-0,"[[6, 4], [6, 0]]",True,6-4 6-0,2014-03-19,2014-03-19,0,Heather Watson,Virginie Razzano,tournament_alias,False
2013|1505,2013,2013-W-PM-USA-02A-2013#49,Miami,SonyOpenTennis-WTAMiami,Sony Ericsson Open,R64,Hard,Sara Errani,Daniela Hantuchova,6-3 6-1,"[[6, 3], [6, 1]]",True,6-3 6-1,2013-03-23,2013-03-23,0,Daniela Hantuchova,Sara Errani,tournament_alias,False
2015|1906,2015,2015-W-PM-USA-02A-2015#54,Miami,MiamiOpen-WTAMiami,Sony Ericsson Open,R64,Hard,Samantha Stosur,Pauline Parmentier,6-1 3-6 6-0,"[[6, 1], [3, 6], [6, 0]]",True,6-1 3-6 6-0,2015-03-26,2015-03-26,0,Samantha Stosur,Pauline Parmentier,tournament_alias,False
2014|2206,2014,2014-W-PR-USA-03A-2014#29,Cincinnati,Western&amp;SouthernOpen-WTACincinnati,Western & Southern Financial Group Women's Open,R32,Hard,Agnieszka Radwanska,Kurumi Nara,6-2 6-2,"[[6, 2], [6, 2]]",True,6-2 6-2,2014-08-13,2014-08-13,0,Agnieszka Radwanska,Kurumi Nara,tournament_alias,False
2013|1528,2013,2013-W-PM-USA-02A-2013#72,Miami,SonyOpenTennis-WTAMiami,Sony Ericsson Open,R32,Hard,Kirsten Flipkens,Petra Kvitova,6-0 4-6 6-1,"[[6, 0], [4, 6], [6, 1]]",True,6-0 4-6 6-1,2013-03-23,2013-03-23,0,Kirsten Flipkens,Petra Kvitova,tournament_alias,False
2012|2278,2012,2012-W-PR-USA-04A-2012#36,Cincinnati,Western&amp;SouthernOpen-WTACincinnati.html,Western & Southern Financial Group Women's Open,R32,Hard,Angelique Kerber,Timea Babos,3-6 6-1 6-2,"[[3, 6], [6, 1], [6, 2]]",True,3-6 6-1 6-2,2012-08-14,2012-08-14,0,Timea Babos,Angelique Kerber,tournament_alias,False
2012|1125,2012,2012-W-INT-POR-01A-2012#27,Estoril,EstorilOpen-WTAEstoril.html,Estoril Open,QF,Clay,Carla Suarez Navarro,Silvia Soler Espinosa,6-3 6-3,"[[6, 3], [6, 3]]",True,6-3 6-3,2012-05-03,2012-05-03,0,Silvia Soler-Espinosa,Carla Suarez Navarro,compound_surname,True
2012|1753,2012,2012-W-PR-BEL-01A-2012#2,Brussels,BrusselsOpen-WTABrussels,Brussels Open,R32,Clay,Alison Van Uytvanck,Ksenia Pervak,6-3 5-7 6-4,"[[6, 3], [5, 7], [6, 4]]",True,6-3 5-7 6-4,2012-05-21,2012-05-21,0,Alison Van Uytvanck,Ksenia Pervak,compound_surname,True
2012|2657,2012,2012-W-SL-GBR-01A-2012#78,Wimbledon,Ladies'WimbledonSingles2013.html,Wimbledon,R64,Grass,Maria Kirilenko,Lourdes Dominguez Lino,6-1 6-2,"[[6, 1], [6, 2]]",True,6-1 6-2,2012-06-27,2012-06-27,0,Maria Kirilenko,Lourdes Dominguez-Lino,compound_surname,False
2013|547,2013,2013-W-INT-COL-01A-2013#13,Bogota,CopaClaroColsanitas-WTABogota,Copa Claro Colsanitas,R32,Clay,Timea Babos,Beatriz Garcia Vidagany,6-4 1-6 7-6(4),"[[6, 4], [1, 6], [7, 6]]",True,6-4 1-6 7-6,2013-02-19,2013-02-19,0,Timea Babos,Beatriz Garcia-Vidagany,compound_surname,False
2013|1080,2013,2013-W-INT-POR-01A-2013#27,Oeiras,PortugalOpen-WTAOeiras,Portugal Open,QF,Clay,Carla Suarez Navarro,Monica Puig,6-2 6-4,"[[6, 2], [6, 4]]",True,6-2 6-4,2013-05-02,2013-05-02,0,Monica Puig,Carla Suarez Navarro,compound_surname,True
2015|1841,2015,2015-W-PM-USA-01A-2015#84,Indian Wells,BNPParibasOpen-WTAIndianWells,BNP Paribas Open,R16,Hard,Carla Suarez Navarro,Heather Watson,7-6(5) 3-6 6-1,"[[7, 6], [3, 6], [6, 1]]",True,7-6 3-6 6-1,2015-03-17,2015-03-17,0,Carla Suarez Navarro,Heather Watson,compound_surname,True
2012|518,2012,2012-W-INT-CAN-01A-2012#2,Quebec City,BellChallenge-WTAQuebecCity.html,Bell Challenge,R32,Hard,Mirjana Lucic,Heidi El Tabakh,6-4 3-6 7-6(5),"[[6, 4], [3, 6], [7, 6]]",True,6-4 3-6 7-6,2012-09-11,2012-09-11,0,Mirjana Lucic,Heidi El Tabakh,compound_surname,True
2013|1301,2013,2013-W-PM-ESP-01A-2013#3,Madrid,MutuaMadridOpen-WTAMadrid,Mutua Madrid Open,R64,Clay,Kristina Mladenovic,Silvia Soler Espinosa,6-1 6-1,"[[6, 1], [6, 1]]",True,6-1 6-1,2013-05-06,2013-05-06,0,Kristina Mladenovic,Silvia Soler-Espinosa,compound_surname,False
2014|1135,2014,2014-W-INT-SWE-01A-2014#6,Bastad,CollectorSwedishOpen-WTABastad,Collector Swedish Open,R32,Clay,Chanelle Scheepers,Mariana Duque Marino,6-3 6-4,"[[6, 3], [6, 4]]",True,6-3 6-4,2014-07-14,2014-07-14,0,Chanelle Scheepers,Mariana Duque-Marino,compound_surname,False
2014|678,2014,2014-W-INT-FRA-01A-2014#14,Strasbourg,InternationauxdeStrasbourg-WTAStrasbourg,Internationaux de Strasbourg,R32,Clay,Silvia Soler Espinosa,Stefanie Voegele,6-0 7-6(5),"[[6, 0], [7, 6]]",True,6-0 7-6,2014-05-20,2014-05-20,0,Stefanie Voegele,Silvia Soler-Espinosa,compound_surname,False
2015|1847,2015,2015-W-PM-USA-01A-2015#90,Indian Wells,BNPParibasOpen-WTAIndianWells,BNP Paribas Open,QF,Hard,Simona Halep,Carla Suarez Navarro,5-7 6-1 6-1,"[[5, 7], [6, 1], [6, 1]]",True,5-7 6-1 6-1,2015-03-18,2015-03-18,0,Carla Suarez Navarro,Simona Halep,compound_surname,True
2012|2802,2012,2012-W-SL-USA-01A-2012#96,US Open,WomensUSOpen.html,US Open,R64,Hard,Agnieszka Radwanska,Carla Suarez Navarro,4-6 6-3 6-0,"[[4, 6], [6, 3], [6, 0]]",True,4-6 6-3 6-0,2012-08-30,2012-08-30,0,Agnieszka Radwanska,Carla Suarez Navarro,compound_surname,True
2014|1113,2014,2014-W-INT-ROU-01A-2014#15,Bucharest,BucharestOpen-WTABucharest,Bucharest Open,R32,Clay,Silvia Soler Espinosa,Sesil Karatantcheva,6-2 6-1,"[[6, 2], [6, 1]]",True,6-2 6-1,2014-07-08,2014-07-08,0,Silvia Soler-Espinosa,Sesil Karatantcheva,compound_surname,False
2012|1784,2012,2012-W-PR-CAN-01A-2012#4,Montreal,RogersCup-WTAMontreal.html,Rogers Cup,R64,Hard,Ksenia Pervak,Anna Tatishvili,7-6(6) 7-6(4),"[[7, 6], [7, 6]]",True,7-6 7-6,2012-08-07,2012-08-08,1,Ksenia Pervak,Anna Tatishvili,date_tolerance,False
2013|1656,2013,2013-W-PR-CAN-01A-2013#18,Toronto,RogersCup-WTAToronto,Rogers Cup,R64,Hard,Anastasia Pavlyuchenkova,Carol Zhao,6-1 6-3,"[[6, 1], [6, 3]]",True,6-1 6-3,2013-08-05,2013-08-06,1,Carol Zhao,Anastasia Pavlyuchenkova,date_tolerance,False
2013|910,2013,2013-W-INT-MEX-01A-2013#12,Acapulco,AbiertoMexicanoTelcel-WTAAcapulco,Abierto Mexicano,R32,Clay,Irina Camelia Begu,Ajla Tomljanovic,6-2 3-6 7-5,"[[6, 2], [3, 6], [7, 5]]",True,6-2 3-6 7-5,2013-02-25,2013-02-26,1,Ajla Tomljanovic,Irina-Camelia Begu,date_tolerance,False
2012|2734,2012,2012-W-SL-USA-01A-2012#28,US Open,WomensUSOpen,US Open,R128,Hard,Anastasia Pavlyuchenkova,Daniela Hantuchova,6-4 7-6(1),"[[6, 4], [7, 6]]",True,6-4 7-6,2012-08-27,2012-08-28,1,Daniela Hantuchova,Anastasia Pavlyuchenkova,date_tolerance,False
2013|954,2013,2013-W-INT-MEX-02A-2013#25,Monterrey,MonterreyOpen-WTAMonterrey,Monterrey Open,QF,Hard,Angelique Kerber,Ayumi Morita,6-2 6-1,"[[6, 2], [6, 1]]",True,6-2 6-1,2013-04-05,2013-04-06,1,Angelique Kerber,Ayumi Morita,date_tolerance,False
2014|974,2014,2014-W-INT-MEX-02A-2014#31,Monterrey,MonterreyOpen-WTAMonterrey,Monterrey Open,F,Hard,Ana Ivanovic,Jovana Jaksic,6-2 6-1,"[[6, 2], [6, 1]]",True,6-2 6-1,2014-04-07,2014-04-06,1,Ana Ivanovic,Jovana Jaksic,date_tolerance,False
2013|450,2013,2013-W-INT-CAN-01A-2013#9,Quebec City,BellChallenge-WTAQuebecCity,Bell Challenge,R32,Hard,Lauren Davis,Camila Giorgi,6-7(5) 6-3 6-2,"[[6, 7], [6, 3], [6, 2]]",True,6-7 6-3 6-2,2013-09-10,2013-09-11,1,Camila Giorgi,Lauren Davis,date_tolerance,False
2012|1810,2012,2012-W-PR-CAN-01A-2012#30,Montreal,RogersCup-WTAMontreal.html,Rogers Cup,R32,Hard,Na Li,Eugenie Bouchard,6-4 6-4,"[[6, 4], [6, 4]]",True,6-4 6-4,2012-08-09,2012-08-10,1,Eugenie Bouchard,Na Li,date_tolerance,False
2012|1762,2012,2012-W-PR-BEL-01A-2012#11,Brussels,BrusselsOpen-WTABrussels,Brussels Open,R32,Clay,Dominika Cibulkova,Christina Mchale,7-6(1) 6-1,"[[7, 6], [6, 1]]",True,7-6 6-1,2012-05-22,2012-05-21,1,Dominika Cibulkova,Christina Mchale,date_tolerance,False
2013|934,2013,2013-W-INT-MEX-02A-2013#5,Monterrey,MonterreyOpen-WTAMonterrey,Monterrey Open,R32,Hard,Maria Kirilenko,Ximena Hermoso,7-5 6-1,"[[7, 5], [6, 1]]",True,7-5 6-1,2013-04-02,2013-04-03,1,Maria Kirilenko,Ximena Hermoso,date_tolerance,False
2013|2044,2013,2013-W-PR-USA-01A-2013#47,Charleston,FamilyCircleCup-WTACharleston.html,Family Circle Cup,R16,Clay,Stefanie Voegele,Julia Goerges,3-6 6-1 6-3,"[[3, 6], [6, 1], [6, 3]]",True,3-6 6-1 6-3,2013-04-04,2013-04-05,1,Julia Goerges,Stefanie Voegele,date_tolerance,False
2012|1821,2012,2012-W-PR-CAN-01A-2012#41,Montreal,RogersCup-WTAMontreal,Rogers Cup,QF,Hard,Petra Kvitova,Tamira Paszek,6-3 6-2,"[[6, 3], [6, 2]]",True,6-3 6-2,2012-08-11,2012-08-12,1,Petra Kvitova,Tamira Paszek,date_tolerance,False
2012|1812,2012,2012-W-PR-CAN-01A-2012#32,Montreal,RogersCup-WTAMontreal.html,Rogers Cup,R32,Hard,Agnieszka Radwanska,Mona Barthel,4-6 6-3 7-6(5),"[[4, 6], [6, 3], [7, 6]]",True,4-6 6-3 7-6,2012-08-09,2012-08-10,1,Agnieszka Radwanska,Mona Barthel,date_tolerance,False
2013|1484,2013,2013-W-PM-USA-02A-2013#28,Miami,SonyOpenTennis-WTAMiami,Sony Ericsson Open,R128,Hard,Jie Zheng,Yaroslava Shvedova,7-5 6-4,"[[7, 5], [6, 4]]",True,7-5 6-4,2013-03-20,2013-03-21,1,Jie Zheng,Yaroslava Shvedova,tournament_alias+date_tolerance,False
2012|1021,2012,2012-W-INT-MEX-02A-2012#16,Acapulco,AbiertoMexicanoTELCEL-WTAAcapulcoOLD,Abierto Mexicano,R32,Clay,Flavia Pennetta,Arantxa Parra Santonja,6-4 6-2,"[[6, 4], [6, 2]]",True,6-4 6-2,2012-02-28,2012-02-29,1,Arantxa Parra-Santonja,Flavia Pennetta,compound_surname+date_tolerance,False
2015|1943,2015,2015-W-PM-USA-02A-2015#91,Miami,MiamiOpen-WTAMiami,Sony Ericsson Open,QF,Hard,Carla Suarez Navarro,Venus Williams,0-6 6-1 7-5,"[[0, 6], [6, 1], [7, 5]]",True,0-6 6-1 7-5,2015-04-01,2015-04-01,0,Venus Williams,Carla Suarez Navarro,tournament_alias+compound_surname,True
2013|2080,2013,2013-W-PR-USA-03A-2013#1,Cincinnati,Western&amp;SouthernOpen-WTACincinnati,Western & Southern Financial Group Women's Open,R64,Hard,Eugenie Bouchard,Monica Puig,6-3 6-4,"[[6, 3], [6, 4]]",True,6-3 6-4,2013-08-12,2013-08-13,1,Eugenie Bouchard,Monica Puig,tournament_alias+date_tolerance,False
2013|1477,2013,2013-W-PM-USA-02A-2013#21,Miami,SonyOpenTennis-WTAMiami,Sony Ericsson Open,R128,Hard,Bethanie Mattek Sands,Monica Puig,6-4 7-5,"[[6, 4], [7, 5]]",True,6-4 7-5,2013-03-20,2013-03-21,1,Bethanie Mattek-Sands,Monica Puig,tournament_alias+date_tolerance,False
2013|1482,2013,2013-W-PM-USA-02A-2013#26,Miami,SonyOpenTennis-WTAMiami,Sony Ericsson Open,R128,Hard,Silvia Soler Espinosa,Pauline Parmentier,6-0 6-7(2) 6-2,"[[6, 0], [6, 7], [6, 2]]",True,6-0 6-7 6-2,2013-03-20,2013-03-20,0,Silvia Soler-Espinosa,Pauline Parmentier,tournament_alias+compound_surname,False
2015|1937,2015,2015-W-PM-USA-02A-2015#85,Miami,MiamiOpen-WTAMiami,Sony Ericsson Open,R16,Hard,Carla Suarez Navarro,Agnieszka Radwanska,5-7 6-0 6-4,"[[5, 7], [6, 0], [6, 4]]",True,5-7 6-0 6-4,2015-03-30,2015-03-30,0,Agnieszka Radwanska,Carla Suarez Navarro,tournament_alias+compound_surname,True
2013|1508,2013,2013-W-PM-USA-02A-2013#52,Miami,SonyOpenTennis-WTAMiami.html,Sony Ericsson Open,R64,Hard,Ana Ivanovic,Urszula Radwanska,6-2 6-1,"[[6, 2], [6, 1]]",True,6-2 6-1,2013-03-22,2013-03-23,1,Ana Ivanovic,Urszula Radwanska,tournament_alias+date_tolerance,False
2014|2180,2014,2014-W-PR-USA-03A-2014#3,Cincinnati,Western&amp;SouthernOpen-WTACincinnati,Western & Southern Financial Group Women's Open,R64,Hard,Flavia Pennetta,Chanelle Scheepers,6-3 6-7(3) 6-2,"[[6, 3], [6, 7], [6, 2]]",True,6-3 6-7 6-2,2014-08-11,2014-08-12,1,Chanelle Scheepers,Flavia Pennetta,tournament_alias+date_tolerance,False
2014|2212,2014,2014-W-PR-USA-03A-2014#35,Cincinnati,Western&amp;SouthernOpen-WTACincinnati,Western & Southern Financial Group Women's Open,R32,Hard,Carla Suarez Navarro,Pauline Parmentier,6-3 7-5,"[[6, 3], [7, 5]]",True,6-3 7-5,2014-08-13,2014-08-13,0,Carla Suarez Navarro,Pauline Parmentier,tournament_alias+compound_surname,True
2014|2223,2014,2014-W-PR-USA-03A-2014#46,Cincinnati,Western&amp;SouthernOpen-WTACincinnati,Western & Southern Financial Group Women's Open,R16,Hard,Elina Svitolina,Carla Suarez Navarro,4-6 6-4 6-4,"[[4, 6], [6, 4], [6, 4]]",True,4-6 6-4 6-4,2014-08-14,2014-08-14,0,Carla Suarez Navarro,Elina Svitolina,tournament_alias+compound_surname,True
2012|1128,2012,2012-W-INT-POR-01A-2012#30,Estoril,EstorilOpen-WTAEstoril.html,Estoril Open,SF,Clay,Carla Suarez Navarro,Karin Knapp,6-4 6-0,"[[6, 4], [6, 0]]",True,6-4 6-0,2012-05-04,2012-05-04,0,Karin Knapp,Carla Suarez Navarro,compound_surname,True
2015|2009,2015,2015-W-PR-BEL-01A-2015#4,Antwerp,BNPParibasFortisDiamondGames-WTAAntwerp,BNP Paribas Fortis Diamond Games,R32,Hard,Alison Van Uytvanck,Magdalena Rybarikova,6-2 6-3,"[[6, 2], [6, 3]]",True,6-2 6-3,2015-02-10,2015-02-10,0,Alison Van Uytvanck,Magdalena Rybarikova,compound_surname,True
2014|1429,2014,2014-W-PM-USA-01A-2014#23,Indian Wells,BNPParibasOpen-WTAIndianWells,BNP Paribas Open,R128,Hard,Varvara Lepchenko,Alison Van Uytvanck,6-2 6-2,"[[6, 2], [6, 2]]",True,6-2 6-2,2014-03-06,2014-03-06,0,Alison Van Uytvanck,Varvara Lepchenko,compound_surname,True
2014|2160,2014,2014-W-PR-USA-02A-2014#10,Stanford,BankOfTheWestClassic-WTAStanford,Bank of the West Classic,R32,Hard,Monica Puig,Carla Suarez Navarro,6-3 7-5,"[[6, 3], [7, 5]]",True,6-3 7-5,2014-07-29,2014-07-29,0,Monica Puig,Carla Suarez Navarro,compound_surname,True
2014|1892,2014,2014-W-PR-GER-01A-2014#15,Stuttgart,PorscheTennisGrandPrix-WTAStuttgart,Porsche Tennis Grand Prix,R16,Clay,Carla Suarez Navarro,Angelique Kerber,7-5 6-4,"[[7, 5], [6, 4]]",True,7-5 6-4,2014-04-24,2014-04-24,0,Carla Suarez Navarro,Angelique Kerber,compound_surname,True
2013|1281,2013,2013-W-PM-CHN-01A-2013#42,Beijing,ChinaOpen-WTABeijing,China Open,R32,Hard,Carla Suarez Navarro,Lauren Davis,6-4 6-2,"[[6, 4], [6, 2]]",True,6-4 6-2,2013-10-01,2013-10-01,0,Carla Suarez Navarro,Lauren Davis,compound_surname,True
2013|375,2013,2013-W-INT-AUT-02A-2013#27,Linz,GeneraliLadiesLinz-WTALinz,Generali Ladies Linz,QF,Hard,Carla Suarez Navarro,Kirsten Flipkens,6-1 6-3,"[[6, 1], [6, 3]]",True,6-1 6-3,2013-10-11,2013-10-11,0,Kirsten Flipkens,Carla Suarez Navarro,compound_surname,True
2012|2421,2012,2012-W-SL-AUS-01A-2012#96,Australian Open,WomensAustralianOpen.html,Australian Open,R64,Hard,Petra Kvitova,Carla Suarez Navarro,6-2 2-6 6-4,"[[6, 2], [2, 6], [6, 4]]",True,6-2 2-6 6-4,2012-01-19,2012-01-19,0,Carla Suarez Navarro,Petra Kvitova,compound_surname,True
2014|1101,2014,2014-W-INT-ROU-01A-2014#3,Bucharest,BucharestOpen-WTABucharest,Bucharest Open,R32,Clay,Cagla Buyukakcay,Veronica Cepede Royg,6-2 6-3,"[[6, 2], [6, 3]]",True,6-2 6-3,2014-07-07,2014-07-07,0,Cagla Buyukakcay,Veronica Cepede Royg,compound_surname,True
2013|926,2013,2013-W-INT-MEX-01A-2013#28,Acapulco,AbiertoMexicanoTelcel-WTAAcapulco,Abierto Mexicano,QF,Clay,Carla Suarez Navarro,Francesca Schiavone,6-7(5) 6-4 6-2,"[[6, 7], [6, 4], [6, 2]]",True,6-7 6-4 6-2,2013-02-28,2013-02-28,0,Francesca Schiavone,Carla Suarez Navarro,compound_surname,True
